"Patient ID","Group","CTSG","ADA","VSNL1","MME","CNP","CALML4","IL6","CXCL13","LAMP3","CD40","CCL19","CXCL9","CXCL10","GZMA","GZMB","PDCD1","CD274","TNFRSF9","LAG3","IL10","IL18","IFNG","TNF","CCL2","CCL3","CCL4","CSF1","VEGFA","ANGPT2","MMP7","MMP12","TGFB1","HGF","EGF","FGF2","PGF","KDR","TEK","CD70","CD27","ICOSLG","NCR1","KLRD1","CD8A","CD4","CD5","CD83","ARG1","NOS3","HMOX1","GAL1","LGALS9","MUC16","CEACAM5","MSLN","EPCAM","KRT19","SPP1","TFF1","TFF3","REG4","OLFM4","AGR2","CLDN18","S100A4","S100P","LCN2","PIGR","CA9","PLAU","PLAUR","SERPINE1","THBS2","COL1A1","POSTN","FAP","ACTA2","TIMP1","TIMP3","ICAM1","VCAM1"
"PDAC-29","Low CTSG, long survival",2.629,3.205,2.188,5.981,2.3,3.872,4.098,3.47,3.361,4.212,3.763,2.279,3.719,2.625,3.34,5.045,2.406,3.251,3.412,2.429,2.546,3.386,3.794,3.498,3.374,3.746,2.386,4.017,1.584,2.474,4.166,2.39,5.15,4.922,3.483,3.902,4.101,2,3.897,5.228,3.85,3.384,4.296,3.779,4.066,5.039,4.349,2.839,4.328,2.822,3.894,4.695,2.122,2.741,3.347,5.451,3.56,4.868,3.2,3.401,3.687,4.048,3.943,3.97,2.339,2.529,4.214,4.816,2.666,5.439,3.634,3.624,5.472,2.435,3.631,5.398,2.751,3.483,3.831,2.878,2.459
"PDAC-33","Low CTSG, long survival",2.555,3.698,2.489,4.766,2.935,4.889,3.944,2.652,3.522,3.231,3.869,4.944,4.915,3.066,3.99,6.148,4.54,4.808,4.831,3.562,4.145,4.399,4.472,4.232,3.72,3.944,4.422,4.274,4.056,4.524,4.418,2.852,3.329,6.363,4.88,4.61,4.538,4.548,3.375,4.125,2.918,3.578,3.021,3.021,5.801,4.926,3.822,5.283,4.898,4.804,3.054,4.164,4.406,4.169,3.841,4.929,3.814,4.722,3.274,4.587,3.885,4.049,2.631,4.993,3.878,4.17,4.521,3.252,3.858,4.513,3.959,3.357,4.488,4.451,3.923,4.227,2.348,4.305,2.962,4.524,2.716
"PDAC-08","high CTSG, short survival",5.288,4.064,3.633,3.38,5.348,4.089,4.768,4.875,3.353,2.723,4.745,3.693,3.05,5.09,4.457,3.787,4.142,4.894,1.6,5.383,3.241,4.146,5.436,2.664,3.764,4.004,3.714,3.459,3.108,3.942,3.488,4.483,4.79,3.072,4.979,5.526,3.906,4.075,3.339,3.385,4.486,3.55,5.243,3.987,4.238,3.745,3.77,2.75,4.584,4.05,4.424,3.591,4.248,2.257,3.476,5.108,5.419,3.553,2.89,3.081,4.116,3.776,5.347,3.522,3.839,3.996,2.945,4.469,4.5,3.217,4.869,5.014,4.63,3.652,3.686,3.847,4.335,3.113,3.062,3.108,4.48
"PDAC-48","Low CTSG, long survival",2.455,2.944,3.169,6.157,1.278,4.433,4.327,1.923,3.04,6.096,3.789,1.986,4.646,2.159,2.743,4.736,2.927,5.088,4.287,3.385,3.015,3.885,4.403,4.707,4.18,3.747,3.835,5.004,3.915,2.638,4.86,4.479,3.123,4.767,2.858,3.673,4.504,2.182,3.29,3.44,3.91,3.748,5.751,2.579,3.99,4.808,3.097,4.298,3.807,3.321,3.97,4.075,2.62,3.731,4.604,3.479,3.079,4.549,4.142,3.983,5.186,2.138,3.863,4.409,2.623,4.672,4.148,3.412,3.169,4.687,2.679,4.434,4.276,3.207,4.115,3.654,3.705,3.322,5.168,2.744,3.757
"PDAC-03","high CTSG, short survival",5.588,6.529,4.885,2.659,5.477,3.484,4.562,5.332,3.596,4.092,5.736,2.514,3.417,4.673,3.572,4.013,5.023,2.464,4.994,4.949,2.97,4.714,5.204,4.809,5.089,5.521,3.362,5.346,4.156,3.311,4.888,4.808,2.139,4.227,4.384,3.66,5.01,5.02,2.018,3.577,4.893,2.535,4.216,5.287,2.902,4.234,4.991,3.376,4.145,4.235,3.963,4.031,4.833,4.626,3.153,4.513,3.668,3.972,4.62,3.352,4.983,6.547,4.067,4.812,4.74,3.178,3.491,5.452,3.307,5.234,4.525,3.911,3.796,4.733,2.819,4.6,5.784,4.725,3.957,5.392,4.014
"PDAC-17","high CTSG, short survival",5.764,4.057,4.137,3.88,4.074,4.706,2.378,5.499,2.517,4.262,3.678,4.554,4.928,3.802,3.638,4.921,4.102,5.057,2.847,4.235,4.334,2.29,5.995,3.516,2.728,4.092,3.548,4.906,5.087,3.656,4.18,4.254,3.983,3.891,4.553,4.594,3.277,4.393,4.773,5.045,3.956,2.68,3.639,4.709,4.058,5.62,4.523,4.13,3.545,2.221,2.884,2.866,4.734,3.059,3.064,3.04,2.116,5.195,4.663,3.374,2.748,3.881,4.573,3.416,4.01,3.838,2.99,4.869,3.093,3.749,6.018,3.488,4.016,5.405,4.496,4.855,4.627,4.465,2.375,4.459,1.963
"PDAC-10","high CTSG, short survival",5.066,5.851,4.473,3.056,4.644,2.31,2.735,3.785,4.94,2.699,2.637,4.627,3.744,4.335,4.472,3.555,2.925,4.932,4.601,5.378,4.805,2.181,3.715,4.446,2.646,4.504,2.889,4.389,2.484,4.55,5.458,4.136,3.964,3.507,4.383,3.762,4.134,3.991,4.513,4.399,3.899,5.55,2.881,4.695,5.228,3.868,4.198,3.779,5.01,4.828,3.972,5.236,3.651,3.216,3.924,3.925,4.247,2.847,3.688,3.641,4.405,4.472,5.559,6.502,2.962,6.166,3.235,3.691,4.414,4.209,3.209,4.585,4.281,5.41,4.887,4.729,3.808,4.954,3.149,4.759,1.883
"PDAC-40","Low CTSG, long survival",2.569,2.567,2.665,4.841,3.571,5.019,4.875,4.693,2.891,4.02,4.134,3.683,4.032,5.986,3.165,5.146,2.784,4.807,3.346,5.257,4.441,2.373,4.091,3.787,3.539,3.068,2.849,3.25,4.382,4.538,5.332,5.43,3.709,4.5,4.045,3.987,3.46,5.183,5.155,4.653,5.953,5.059,3.626,5.316,5.016,4.278,5.65,4.683,2.673,4.53,3.776,4.635,4.566,4.134,3.966,5.097,3.615,2.628,5.14,2.901,3.467,5.165,3.529,3.843,3.739,4.974,4.759,4.137,3.605,4.583,3.618,3.959,4.968,4.602,3.152,3.555,4.223,3.967,2.885,3.947,3.205
"PDAC-45","Low CTSG, long survival",2.761,1.916,2.097,3.68,3.319,4.028,3.64,2.592,3.963,2.98,2.051,2.651,1.377,3.373,3.792,2.352,2.343,4.596,3.714,3.541,3.273,3.339,2.896,3.662,3.867,3.661,5.679,4.091,3.286,4.297,4.413,4.215,3.871,3.795,2.897,3.444,2.093,3.019,3.3,3.23,4.997,4.383,2.431,2.896,1.818,2.453,2.831,2.965,2.238,3.955,4.961,3.413,4.41,2.281,3.163,2.856,3.12,2.658,3.681,4.081,3.291,3.95,3.898,2.64,3.427,4.146,2.096,3.947,3.661,4.113,4.932,5.088,2.272,3.401,2.688,3.04,4.115,3.484,5.34,2.113,3.071
"PDAC-27","Low CTSG, long survival",2.253,2.652,3.494,4.822,4.877,3.911,3.1,3.818,2.467,5.348,4.115,2.63,4.377,4.604,2.932,3.19,3.704,4.208,3.17,4.335,3.176,4.205,4.366,3.652,3.357,4.45,3.353,3.331,4.958,3.442,3.911,4.363,3.239,2.953,3.707,3.252,3.138,4.747,4.965,3.02,4.948,5.955,3.813,3.611,3.034,2.97,4.135,3.616,5.39,4.653,3.725,4.443,4.136,1.468,3.056,3.545,2.885,2.814,4.385,3.617,2.991,3.742,2.26,4.053,5.186,2.512,3.905,5.225,1.925,4.005,5.704,3.113,3.974,6.492,3.141,3.715,5.596,3.362,4.104,4.684,2.797
"PDAC-42","Low CTSG, long survival",3.328,2.788,3.716,4.74,3.751,3.726,3.751,3.372,2.989,3.905,3.256,2.497,5.151,3.844,2.932,4.951,2.824,2.985,3.063,3.773,4.318,4.38,2.638,2.793,4.373,3.598,4.09,3.955,3.992,4.075,3.409,3.973,3.943,3.429,4.059,3.259,3.464,3.608,3.137,4.276,2.391,2.045,4.017,4.779,3.119,3.15,3.735,3.883,3.277,3.776,3.656,3.258,3.354,4.065,2.818,4.058,3.187,4.42,3.85,2.404,3.48,4.287,2.711,5.768,3.443,3.585,5.679,3.829,2.169,1.841,2.905,3.718,5.354,3.068,3.881,4.198,4.576,5.27,2.465,4.797,3.893
"PDAC-04","high CTSG, short survival",4.746,4.817,7.307,3.932,5.474,3.912,4.719,4.313,5.418,5.082,5.054,5.56,4.119,4.526,4.948,3.489,4.039,4.187,4.681,4.881,5.021,4.918,4.689,4.776,4.787,3.993,4.793,4.145,5.051,4.796,4.231,4.051,6.143,5.352,3.846,5.794,5.511,3.855,3.504,4.414,3.636,5.963,3.493,3.566,5.317,5.094,3.961,5.063,4.7,3.41,5.273,3.597,5.792,5.657,6.279,6.046,4.346,5.358,3.467,4.435,5.228,5.042,5.207,4.151,5.092,5.149,4.153,4.464,5.035,4.367,3.846,3.735,4.405,4.047,4.598,3.423,4.63,5.6,4.682,4.085,5.301
"PDAC-24","high CTSG, short survival",5.752,5.429,3.098,4.474,3.928,1.586,4.554,1.709,3.781,3.142,3.744,2.428,4.938,2.604,2.871,4.603,3.75,4.788,6.285,3.562,2.979,4.498,4.361,2.365,5.324,3.649,3.355,4.505,3.355,5.239,4.273,3.695,3.655,5.141,2.691,3.033,3.497,4.197,4.077,5.397,3.769,2.913,5.151,3.75,4.45,5.802,4.454,4.53,5.746,4.319,3.117,5.089,4.212,3.811,5.151,2.118,0.857,5.758,3.04,3.347,4.219,2.689,2.54,4.637,4.48,3.747,2.861,2.175,3.731,5.468,4.129,2.88,4.278,3.583,3.556,4.566,3.915,3.13,4.976,4.036,2.703
"PDAC-21","high CTSG, short survival",4.785,3.84,3.962,3.675,3.486,3.907,4.753,3.617,4.582,3.279,4.175,3.678,4.079,4.612,1.061,3.932,4.557,2.253,4.97,4.532,1.969,4.203,3.725,3.255,3.633,3.501,3.498,4.174,2.975,2.828,3.885,4.561,2.274,3.471,3.937,3.482,3.97,3.664,3.468,1.91,3.675,3.488,5.266,4.044,3.367,3.676,4.386,3.76,5.469,3.465,3.86,4.418,4.667,2.789,4.037,3.495,3.27,3.602,3.213,3.381,2.849,4.103,4.118,4.413,3.137,2.191,4.177,2.902,3.047,3.459,3.664,2.67,3.378,2.733,0.593,2.343,4.322,4.169,2.306,3.018,3.239
"PDAC-19","high CTSG, short survival",5.096,5.27,3.559,-0.224,4.063,2.351,2.33,3.092,4.609,2.079,4.835,1.973,2.043,3.786,2.239,2.048,4.77,2.516,2.603,4.992,3.604,2.075,4.865,2.924,3.523,4.643,3.478,2.117,5.354,3.122,1.412,3.007,1.984,2.134,3.863,3.88,2.646,6.427,3.48,2.009,4.476,4.264,1.262,2.9,3.365,3.261,4.326,1.671,2.941,4.216,2.937,2.572,4.463,3.756,3.76,3.666,4.043,2.114,5.788,3.481,2.242,4.303,2.609,2.032,5.342,2.669,3.324,5.162,3.365,1.412,3.26,3.022,1.627,4.233,2.628,2.415,4.671,3.837,3.611,4.931,2.389
"PDAC-20","high CTSG, short survival",6.573,5.799,3.605,4.241,5.769,3.862,6.308,4.122,4.252,4.543,4.598,4.1,3.858,4.694,6.651,5.909,3.877,5.218,4.627,3.955,5.421,5.339,4.74,4.924,4.349,2.932,4.408,4.261,3.305,4.817,5.369,4.27,4.174,5.268,5.942,4.178,5.994,4.766,3.911,4.669,3.412,5.392,4.491,4.361,4.19,4.822,4.875,3.869,5.707,2.94,4.189,3.299,4.009,4.117,4.409,2.833,4.223,5.784,5.39,4.136,5.401,3.084,4.633,5.652,4.765,6.143,4.511,3.228,3.493,3.725,5.279,3.744,3.866,5.251,6.228,4.647,4.752,4.76,4.188,5.389,2.931
"PDAC-41","Low CTSG, long survival",3.256,4.349,2.815,4.174,4.318,4.704,4.91,4.443,3.566,4.113,5.478,3.246,3.39,5.043,4.527,3.97,3.617,4.559,3.242,3.781,2.819,4.477,5.408,5.134,4.195,5.084,4.662,4.85,3.836,4.303,5.105,5.496,2.763,5.263,6.176,3.459,3.001,4.374,2.969,4.941,2.844,2.938,5.093,5.937,3.458,4.764,5.342,3.152,4.157,4.789,3.932,4.323,4.466,5.082,3.755,3.96,4.048,3.497,5.463,3.471,4.828,4.162,4.763,4.292,6.185,3.883,4.559,4.804,5.152,4.165,4.014,3.077,3.573,5.275,4.226,2.917,4.172,3.779,4.355,4.866,2.835
"PDAC-49","Low CTSG, long survival",3.563,4.85,4.431,4.419,3.618,4.714,3.218,3.895,4.283,2.005,4.249,4.185,3.973,4.139,5.232,4.767,4.938,3.325,3.091,3.937,6.196,4.011,3.837,4.554,4.394,4.657,4.298,2.977,3.192,6.576,3.087,5.225,4.732,3.741,3.409,3.332,4.877,4.293,4.152,2.898,5.857,3.657,2.434,3.228,4.699,3.122,3.311,4.303,3.961,4.234,3.924,4.062,4.224,4.905,2.834,3.8,3.126,3.63,2.869,3.64,4.536,3.302,3.805,4.044,2.797,4.081,3.828,2.681,3.862,3.697,3.18,3.296,2.736,4.99,3.676,2.847,3.272,5.098,3.662,5.032,4.734
"PDAC-05","high CTSG, short survival",4.702,4.33,3.048,4.681,4.437,2.737,4.08,4.388,3.224,4.843,3.525,4.643,3.436,2.232,2.507,4.58,5.797,2.868,3.446,4.399,4.08,6.35,4.755,2.667,4.134,4.435,3.497,4.731,3.418,2.25,4.669,4.447,3.668,3.531,2.211,5.041,3.174,4.696,2.566,6.111,3.547,4.313,4.991,3.007,2.731,5.401,3.989,4.044,4.714,4.094,4.042,4.832,3.39,3.196,2.246,3.89,3.801,4.959,4.946,3.227,5.323,3.765,2.969,2.907,4.355,3.351,4.456,3.413,3.502,3.777,3.928,4.261,3.485,4.605,3.955,4.487,3.319,3.871,2.647,2.432,4.203
"PDAC-35","Low CTSG, long survival",3.233,2.41,4.098,4.938,3.574,5.207,3.971,3.643,4.445,4.628,4.398,5.824,4.002,3.896,3.255,3.261,3.427,3.556,3.88,3.406,4.503,3.557,3.193,4.21,3.538,4.077,5.583,4.229,3.52,4.233,4.96,3.512,4.164,3.632,4.036,4.358,2.872,3.657,5.355,2.52,2.755,4.638,4.885,4.665,4.872,5.625,1.92,3.65,4.597,3.869,5.165,4.579,3.193,4.436,3.23,3.057,5.493,3.921,3.482,4.089,4.609,3.244,4.992,3.576,3.771,4.361,3.623,3.476,4.678,4.877,3.321,4.626,3.642,3.869,5.545,4.874,2.522,3.732,3.813,3.137,5.295
"PDAC-36","Low CTSG, long survival",3.37,2.648,2.479,3.848,3.808,3.667,3.382,3.922,3.272,1.802,3.838,2.962,3.563,3.897,2.439,5.069,2.84,4.338,2.866,3.686,2.706,1.739,5.647,3.319,2.417,3.807,3.732,3.533,5.041,2.635,4.838,5.316,3.043,2.102,2.906,4.785,3.399,4.418,3.649,3.124,4.283,1.079,2.088,5.295,3.085,2.017,5.976,4.001,2.741,4.031,2.256,4.701,3.987,3.738,3.301,4.935,2.34,2.091,4.283,3.844,2.537,4.404,3,2.943,2.898,2.066,4.143,5.338,3.426,1.788,5.551,3.313,2.018,4.469,3.294,4.375,5.114,2.75,2.88,5.775,3.517
"PDAC-02","high CTSG, short survival",5.602,2.938,5.444,3.1,4.638,3.461,3.266,3.579,5.559,3.921,3.868,4.593,3.975,1.97,5.207,4.107,3.331,6.063,4.08,3.867,3.824,4.512,3.559,4.316,3.134,3.413,3.208,3.039,3.421,4.663,5.209,2.282,4.558,2.892,3.167,4.829,4.833,3.196,4.405,4.427,4.271,3.709,3.604,4.7,5.811,3.569,3.049,4.547,3.658,2.116,5.085,4.346,3.182,5.745,3.753,4.633,5.481,3.128,2.896,4.793,1.299,2.862,5.169,3.387,2.723,4.834,2.632,3.818,3.584,4.699,3.319,5.758,2.953,3.392,4.257,2.912,2.428,3.88,3.01,4.874,4.387
"PDAC-22","high CTSG, short survival",4.879,5.265,3.387,2.368,4.597,2.689,2.068,3.029,3.051,2.805,4.544,3.509,4.104,3.171,2.929,2.419,3.456,1.827,2.898,4.158,4.367,2.942,4.392,3.033,4.3,3.958,3.161,2.676,6.044,2.256,2.826,2.267,3.635,2.025,3.412,4.131,3.353,4.371,2.911,2.021,3.571,2.529,1.541,4.079,2.88,2.642,4.208,3.74,3.547,4.322,4.338,2.591,4.057,3.422,3.965,5.633,3.832,3.175,3.6,2.986,1.404,3.406,1.62,3.988,5.036,2.87,2.456,3.663,2.817,4.284,3.733,2.006,2.584,3.708,3.635,3.063,4.681,3.299,1.62,2.863,4.578
"PDAC-28","Low CTSG, long survival",2.187,4.143,2.048,2.548,3.804,2.398,2.993,3.801,2.102,2.944,4.64,3.261,2.083,4.557,1.119,4.032,4.08,3.233,3.532,2.652,3.249,4.404,4.409,3.877,3.819,4.586,2.691,2.959,4.003,3.524,3.25,5.349,2.903,2.551,5.25,2.645,3.389,4.391,3.963,4.131,4.867,2.571,4.457,3.645,2.963,2.553,4.015,2.905,2.132,4.306,2.939,3.783,3.657,3.92,2.338,5.1,1.482,2.879,5.646,3.836,2.841,3.845,2.166,2.672,3.782,3.519,2.097,4.511,3.335,2.836,3.427,1.172,3.033,3.533,3.183,3.363,3.182,2.486,3.681,5.045,3.273
"PDAC-31","Low CTSG, long survival",2.374,4.379,3.573,5.533,5.005,6.778,5.589,4.477,2.697,4.316,5.28,4.343,4.387,4.725,4.33,3.553,5.186,4.949,4.504,5.249,4.225,4.81,3.701,4.373,5.398,5.828,3.469,4.746,4.498,3.73,4.079,5.639,2.615,4.664,4.604,4.978,3.442,3.472,4.268,4.135,3.483,3.827,3.814,3.158,4.334,3.816,5.674,2.706,2.401,4.274,5.21,4.235,5.383,3.172,4.541,5.565,4.73,4.805,4.002,4.523,3.315,4.158,5.369,5.242,3.867,4.336,4.921,5.092,4.658,4.361,5.32,4.144,5.213,5.147,4.66,4.103,3.544,3.227,4.487,5.265,5.125
"PDAC-30","Low CTSG, long survival",3.129,2.685,4.558,5.18,2.785,6.036,3.184,3.407,2.387,4.386,3.124,4.303,3.019,3.256,4.106,2.909,4.016,1.41,2.795,2.654,3.955,4.796,3.852,4.745,4.386,2.995,3.881,5.102,3.718,4.328,3.958,4.472,3.371,3.407,3.946,4.731,3.923,2.107,4.079,4.11,3.603,3.942,4.059,3.543,4.503,2.82,3.806,5.066,3.77,5.122,4.7,2.724,3.207,5.11,3.262,2.177,5.936,4.637,2.64,4.571,3.463,1.29,4.174,4.458,3.988,3.207,1.683,1.409,4.963,2.559,3.141,4.526,4.435,3.077,4.692,3.275,3.45,5.336,2.822,2.827,3.978
"PDAC-07","high CTSG, short survival",4.657,5.051,3.732,3.716,5.293,3.015,5.205,5.952,3.123,6.101,3.109,3.261,3.939,4.745,3.384,5.611,4.472,4.415,5.039,4.804,3.662,6.431,2.465,4.744,5.511,3.592,2.742,4.059,5.104,4.153,5.059,4.793,5.298,4.382,5.167,2.746,4.617,4.531,3.625,5.499,4.558,4.135,6.69,4.162,3.07,4.429,4.326,4.176,5.242,6.316,3.901,4.113,5.037,3.988,5.364,4.441,3.829,4.734,5.431,5.406,5.579,4.089,3.584,3.547,5.665,5.544,5.564,3.726,4.227,4.447,5.898,3.562,5.023,2.652,3.896,3.176,3.426,4.587,5.134,3.29,3.84
"PDAC-15","high CTSG, short survival",6.467,4.686,3.95,3.277,4.533,2.381,3.598,3.009,4.997,2.665,4.468,4.252,4.518,4.159,1.238,3.91,4.456,3.329,4.423,1.521,3.123,4.198,3.515,2.179,3.903,3.028,2.791,3.516,3.121,3.319,4.341,2.892,3.53,5.633,4.213,2.418,3.143,3.457,2.925,1.706,2.951,3.073,4.592,3.448,2.534,3.671,3.7,1.548,3.318,3.289,2.896,4.159,3.231,2.404,4.041,2.651,3.449,3.921,3.528,4.338,4.321,4.299,4.421,1.778,3.063,2.741,3.27,3.22,3.116,5.988,4.558,3.377,3.96,3.985,3.112,4.184,2.946,2.96,4.253,3.006,1.719
"PDAC-32","Low CTSG, long survival",1.862,3.037,3.913,3.693,3.314,3.343,3.699,2.365,2.607,4.075,4.614,2.642,4.42,4.695,4.239,5.802,4.886,3.391,4.496,3.927,3.627,3.187,4.161,3.05,3.11,4.126,3.38,2.998,3.696,2.623,4.168,3.165,3.608,5.505,4.295,3.744,3.664,5.286,3.374,5.112,4.25,4.382,3.68,4.585,3.781,5.049,4.396,2.893,4.141,5.513,2.142,2.889,3.74,3.44,4.342,3.302,5.25,3.205,3.702,3.214,3.763,5.378,3.925,6.386,3.432,2.699,3.727,4.1,4.813,4.403,4.509,3.269,4.227,3.803,3.635,4.238,4.411,3.327,4.693,4.003,3.994
"PDAC-26","Low CTSG, long survival",3.827,3.578,3.054,5.39,3.188,3.691,3.484,3.786,4.279,4.578,4.853,3.01,4.879,4.095,4.337,2.963,5.104,4.169,4.052,5.078,3.194,3.959,3.704,3.914,3.649,4.164,3.818,4.996,4.154,4.918,3.353,3.603,3.139,5.116,4.149,4.591,4.319,3.86,4.752,4.255,4.071,3.554,5.532,5.693,4.54,3.767,3.964,2.861,3.945,4.785,4.71,2.171,3.644,5.232,3.839,3.748,2.628,3.709,4.532,4.311,2.246,4.702,3.661,2.496,4.878,3.623,4.058,4.881,5.062,3.464,4.566,3.812,4.309,2.971,3.546,3.097,3.845,4.172,4.921,5.63,3.178
"PDAC-18","high CTSG, short survival",4.965,5.637,7.353,1.653,5.254,4.012,2.877,5.473,5.536,2.347,5.386,5.79,2.104,3.931,6.23,3.133,4.776,4.08,1.067,3.233,5.038,1.766,2.994,5.603,2.988,4.222,5.822,2.2,3.56,6.805,1.438,7.491,5.302,3.155,3.601,4.911,1.139,4.856,6.812,2.269,3.918,5.886,2.617,3.203,5.151,2.028,4.964,5.616,2.198,3.139,6.331,2.725,4.663,6.023,2.163,5.41,4.562,1.68,2.782,5.859,2.653,5.773,6.723,1.716,4.223,5.921,2.819,5.46,6.242,2.924,4.582,6.202,2.383,4.906,6.322,3.629,4.285,6.122,3.169,3.968,5.636
"PDAC-37","Low CTSG, long survival",2.583,3.78,4.459,6.097,2.26,4.186,1.572,3.835,3.678,4.368,3.248,3.47,3.45,3.341,4.209,3.713,4.272,4.075,4.825,3.551,4.563,3.134,3.644,5.53,3.173,3.077,4.019,2.814,4.373,3.072,2.743,3.84,3.048,3.092,4.011,2.439,1.97,3.665,2.965,1.679,2.926,4.45,2.602,3.271,5.403,4.662,3.873,4.222,3.884,3.622,3.747,3.799,3.308,4.368,3.749,5.638,2.87,4.895,3.892,4.922,3.085,3.249,4.655,4.906,4.065,1.948,3.775,4.072,4.904,4.133,2.298,4.015,3.844,5.381,5.13,4.784,2.99,3.032,2.718,4.263,3.826
"PDAC-34","Low CTSG, long survival",2.964,3.513,3.751,4.743,3.55,6.285,2.098,2.502,5.465,2.624,4.865,4.199,3.109,2.967,5.295,3.013,3.441,4.172,3.69,3.252,5.951,3.131,4.989,4.946,4.108,4.683,4.866,1.8,5.002,5.961,4.146,3.955,2.936,3.676,4.468,4.903,3.468,2.047,4.362,2.932,3.988,4.676,3.137,2.947,5.823,3.155,2.763,5.388,1.371,5.556,3.729,3.036,4.532,3.866,2.856,4.104,4.244,2.73,4.684,3.193,2.24,2.581,3.754,3.559,4.379,4.229,3.964,3.479,2.73,3.122,2.729,6.237,3.567,3.215,6.165,3.389,3.334,4.929,4.385,3.777,5.723
"PDAC-23","high CTSG, short survival",5.129,3.628,4.207,3.423,4.915,4.566,4.276,5.18,4.759,3.152,3.873,3.936,3.612,4.223,3.867,4.033,3.083,4.555,4.98,3.743,5.157,4.041,4.153,3.593,2.577,3.094,3.508,3.462,4.783,4.876,2.556,4.166,4.693,2.107,3.81,3.687,2.71,5.613,3.272,3.827,5.013,3.608,5.2,5.195,5.023,3.254,4.986,4.438,5.498,5.082,3.877,4.892,4.47,3.577,4.236,4.877,4.234,4.273,4.652,4.227,3.499,4.484,5.073,4.12,4.259,4.408,2.988,4.929,4.605,3.718,3.369,5.361,5.227,2.453,3.69,2.094,4.058,4.598,2.367,3.426,2.807
"PDAC-46","Low CTSG, long survival",3.051,3.702,5.758,4.478,3.204,6.045,3.492,3.774,5.574,4.388,2.4,4.262,4.781,2.625,3.686,4.396,3.928,5.134,4.788,3.782,3.194,5.434,4.405,5.195,3.958,3.087,2.593,5.249,3.355,4.443,4.431,3.434,3.887,4.285,3.595,3.965,3.304,3.051,4.22,2.768,4.296,4.737,4.628,4.487,4.333,4.369,4.25,4.367,2.814,4.532,4.393,5.798,3.145,5.296,4.752,3.447,5.388,2.534,4.108,4.33,4.174,2.985,4.031,3.414,3.97,5.332,3.853,3.695,5.352,2.954,3.927,4.888,4.478,2.298,3.969,2.889,3.182,3.942,4.668,3.834,5.364
"PDAC-38","Low CTSG, long survival",3.531,3.684,4.153,3.435,2.345,5.699,2.989,2.393,3.957,2.412,4.301,4.696,2.966,3.981,4.439,3.639,4.665,7.517,3.475,3.138,5.025,3.141,3.85,3.817,3.214,3.326,5.52,2.463,3.972,4.354,2.923,4.227,5.293,3.148,3.737,5.397,3.157,3.295,5.679,3.47,3.759,4.847,3.138,5.224,4.793,4.141,4.337,3.656,4.064,2.802,5.06,3.155,3.667,3.739,2.358,5.02,2.346,3.342,3.165,3.515,4.377,3.342,4.842,3.3,2.473,5.609,3.833,4.412,3.783,1.738,3.46,4.536,3.345,4.194,5.082,3.398,4.928,4.684,3.999,2.029,4.029
"PDAC-12","high CTSG, short survival",4.857,3.904,6.244,5.548,4.004,2.694,5.423,6.04,3.934,5.444,4.307,5.07,6.756,4.096,5.402,5.668,4.261,4.196,5.145,4.059,4.614,4.573,4.835,3.572,5.985,5.342,4.032,4.589,5.321,3.957,5.947,5.35,3.407,4.822,4.513,4.408,3.676,4.431,4.663,6.192,3.416,2.96,4.041,6.888,3.742,5.33,3.676,3.946,5.648,4.524,4.524,3.51,3.567,5.13,7.138,4.229,4.558,6.357,4.723,4.344,5.061,4.329,4.987,5.726,4.835,3.955,4.609,3.281,4.083,5.729,5.281,5.217,4.6,4.006,4.03,5.655,3.856,4.095,5.19,2.797,4.711
"PDAC-13","high CTSG, short survival",5.045,5.13,4.345,2.874,4.022,2.821,2.136,4.84,3.006,3.94,6.128,3.752,3.12,4.285,4.517,3.39,5.356,2.998,3.862,4.414,4.069,3.2,4.612,4.924,3.833,5.426,3.869,3.188,4.793,3.696,3.27,5.593,4.1,3.692,5.229,5.093,3.849,3.832,4.068,4.067,4.221,4.088,2.951,4.584,2.317,4.25,4.651,2.595,3.29,4.568,3.913,1.409,2.595,4.037,3.78,4.442,2.555,2.516,3.615,3.295,2.799,3.595,4.484,3.327,5.26,3.707,2.174,3.892,4.317,2.547,4.201,3.752,4.53,4.835,2.915,3.308,4.556,3.093,2.949,2.466,4.128
"PDAC-44","Low CTSG, long survival",3.561,3.149,4.431,5.934,3.444,4.043,2.57,5.553,5.068,3.463,5.366,3.337,2.139,4.787,3.708,3.968,4.837,4.83,1.463,3.988,4.743,4.181,4.402,4.231,3.012,4.833,3.255,4.366,4.046,3.844,4.921,5.797,3.318,2.545,5.586,3.905,2.825,5.263,3.621,4.277,3.814,3.035,2.682,4.605,4.119,2.265,5.113,4.406,3.461,4.496,1.423,4.117,4.94,3.406,3.511,5.202,3.059,5.153,5.377,4.022,3.697,6.427,4.434,2.402,4.192,3.713,4.813,4.686,4.908,2.973,5.122,3.167,4.189,5.521,3.184,4.842,5.427,4.073,3.58,3.253,4.317
"PDAC-50","Low CTSG, long survival",3.457,3.845,2.039,3.693,4.975,4.611,4.53,4.133,4.267,5.215,4.762,3.5,4.02,3.565,3.945,6.575,4.119,3.02,4.712,6.474,3.035,4.746,4.418,3.92,4.052,3.005,3.964,3.425,2.301,2.006,4.353,3.61,2.689,3.718,3.953,4.28,3.365,4.531,3.521,3.898,4.902,3.512,4.662,5.433,2.097,4.868,5.31,3.765,3.506,4.543,4.102,3.407,4.115,3.26,5.339,4.214,3.233,3.733,5.853,2.805,4.078,4.63,3.658,5.692,3.411,3.634,4.913,3.883,1.748,3.891,3.816,4.552,4.38,4.546,2.101,4.024,3.682,3.04,4.57,4.023,3.587
"PDAC-06","high CTSG, short survival",5.381,3.825,3.693,2.509,4.62,4.513,3.437,4.161,4.105,4.177,5.417,2.863,3.428,4.398,3.816,3.678,1.799,4.486,3.458,4.613,4.396,4.069,4.913,4.097,3.849,4.624,4.94,3.403,4.438,3.301,5.364,3.741,4.837,4.111,4.046,5.188,4.4,2.803,4.356,3.567,3.706,4.759,2.748,4.35,4.132,3.735,4.295,4.785,3.923,3.773,3.608,5.89,4.577,3.964,5.699,3.725,3.625,4.099,3.462,5.276,3.615,2.465,4.57,3.725,4.249,3.726,4.916,3.284,3.357,2.613,4.941,5.088,1.937,5.006,3.596,5.322,3.49,3.603,3.137,4.484,2.648
"PDAC-01","high CTSG, short survival",4.497,4.811,3.67,3.346,4.689,4.8,6.191,3.4,5.744,3.574,3.994,5.396,5.058,2.907,5.272,3.997,4.947,5.765,6.683,4.374,4.2,4.65,3.596,3.479,3.874,3.869,5.422,4.922,3.712,5.345,4.846,4.257,5.879,4.148,3.216,3.88,4.901,4.498,4.921,5.307,3.724,6.141,4.975,3.773,5.327,4.996,5.255,4.409,5.316,5.399,4.527,4.459,3.757,5.525,4.143,2.825,4.215,3.401,3.645,4.655,5.925,5.355,3.069,4.268,3.412,4.821,4.738,3.537,4.953,6.088,4.046,4.167,4.349,4.802,4.715,2.595,3.833,4.172,4.709,2.9,3.787
"PDAC-09","high CTSG, short survival",5.517,2.427,4.146,3.797,1.707,3.38,6.693,4.827,3.336,5.94,1.795,3.081,5.715,2.336,5.16,6.161,2.375,5.152,4.533,1.36,5.015,4.044,2.569,3.91,5.271,1.774,6.156,4.366,3.022,2.978,6.373,1.981,3.83,6.084,3.864,4.224,4.731,3.049,3.487,6.063,1.867,4.873,5.627,2.072,4.083,5.831,1.827,2.185,5.755,3.269,4.027,4.276,2.652,5.249,5.431,0.756,3.28,5.693,2.878,4.397,4.701,3.36,4.516,4.701,3.683,5.092,5.692,3.63,3.8,4.119,2.241,4.386,5.043,2.908,4.241,4.431,2.909,3.945,5.998,2.638,5.215
"PDAC-43","Low CTSG, long survival",2.109,3.942,4.19,4.405,3.543,4.632,5.298,4.083,3.959,4.934,2.848,4.224,3.52,5.135,2.843,4.278,5.383,3.437,3.446,3.936,4.096,5.087,4.386,3.68,3.223,4.904,4.487,5.16,2.568,3.358,3.912,4.695,3.049,3.623,4.275,5.178,4.367,4.86,3.406,3.767,3.254,3.184,4.426,5.394,3.428,4.446,4.985,2.745,4.479,3.883,3.257,4.921,4.449,2.518,5.287,5.159,2.21,4.029,4.518,3.587,4.11,2.896,2.533,4.477,4.887,4.017,3.972,4.814,4.58,4.386,3.764,4.61,4.101,3.585,3.221,4.749,3.328,3.248,4.303,5.743,2.645
"PDAC-16","high CTSG, short survival",5.501,6.577,4.351,4.633,4.948,3.076,4.104,5.003,5.604,2.775,5.452,3.983,3.992,4.436,3.007,4.309,4.016,5.117,3.244,4.531,2.858,4.152,4.587,2.863,4.054,4.055,4.638,4.138,5.02,4.746,4.365,5.238,4.437,3.717,5.916,2.198,3.5,5.677,4.485,4.497,4.254,3.625,4.408,5.215,4.689,3.537,3.901,5.882,4.801,5.157,3.86,2.79,4.64,2.489,3.757,7.071,3.17,4.618,3.887,2.906,4.34,5.263,4.713,5.832,3.236,4.022,5.233,4.924,4.843,5.581,4.93,3.682,5.836,5.151,2.961,3.604,4.872,3.62,4.84,4.003,3.512
"PDAC-14","high CTSG, short survival",4.915,5.2,4.18,1.751,4.835,2.928,3.532,4.223,3.827,3.896,5.059,4.28,3.403,4.933,3.876,3.994,5.259,3.117,3.397,4.481,4.534,5.254,5.702,3.351,2.308,4.166,3.271,2.46,5.572,4.825,4.394,4.886,3.458,4.721,6.349,3.663,3.956,4.773,3.001,4.539,4.726,3.707,4.465,4.411,3.335,3.096,5.163,3.154,3.22,4.269,5.835,4.584,5.341,4.075,3.605,4.581,2.336,2.611,5.03,3.927,3.62,3.479,4.207,3.409,3.678,4.662,3.898,4.778,3.894,5.481,4.688,3.482,3.18,5.014,4.158,4.017,5.733,3.387,3.63,3.72,3.982
"PDAC-39","Low CTSG, long survival",3.399,3.241,3.364,1.461,3.445,5.336,1.306,3.882,4.608,2.397,3.829,3.432,3.328,4.304,4.474,2.612,3.859,4.451,1.497,3.449,3.907,2.293,4.688,4.896,3.114,3.619,4.672,3.556,5.097,4.251,3.067,5.591,4.444,1.583,4.04,3.991,2.596,3.545,4.751,2.905,5.776,3.035,2.679,4.136,4.04,0.873,5.116,4.006,3.691,5.39,5.271,3.29,5.811,2.913,1.206,4.403,1.938,4.041,6.441,4.664,3.086,4.529,2.831,3.918,6.36,5.127,3.2,3.817,3.505,3.794,4.962,5.63,2.553,4.524,3.639,3.02,3.911,4.769,2.255,5.134,3.058
"PDAC-25","high CTSG, short survival",3.699,5.016,4.892,4.22,5.622,4.656,6.148,4.039,6.782,4.961,2.961,4.516,5.404,4.401,3.744,5.218,4.206,5.547,4.744,3.88,3.798,5.161,1.711,2.431,4.886,3.718,3.228,5.989,4.457,3.738,5.291,3.499,3.168,4.864,3.793,3.813,4.42,3.945,4.555,5.307,3.265,4.482,4.849,4.004,3.063,5.638,5.001,2.55,5.404,4.128,4.165,6.083,3.978,3.118,4.614,3.148,4.015,5.871,3.518,4.732,5.678,2.631,2.82,4.937,4.208,3.064,4.396,3.132,2.533,5.097,4.148,3.695,4.221,4.179,3.16,3.946,4.917,3.906,5.644,2.428,3.842
"PDAC-11","high CTSG, short survival",5.128,4.289,3.574,4.881,4.223,2.806,4.521,4.681,5.077,5.253,2.287,3.506,4.576,4.263,3.082,4.959,3.953,4.737,4.544,3.512,3.405,5.303,2.888,5.567,6.202,2.573,3.484,3.541,3.963,4.614,3.995,5.685,3.195,6.08,2.938,5.469,4.858,4.177,2.696,4.048,4.194,4.977,5.124,2.92,4.239,4.449,3.619,3.84,3.27,4.328,3.613,4.885,3.413,3.617,6.585,4.015,2.846,4.5,3.885,4.057,5.079,2.323,3.497,5.176,4.005,2.925,5.503,4.957,3.315,4.405,4.507,3.728,5.392,4.242,4.624,4.787,4.594,3.238,4.092,3.477,3.359
"PDAC-47","Low CTSG, long survival",2.756,2.994,3.975,3.98,3.747,4.565,3.47,3.79,4.122,3.166,0.907,3.071,3.087,1.487,3.1,4.474,1.574,2.922,3.313,4.333,3.324,2.812,4.163,3.578,1.485,2.553,3.717,3.749,2.985,2.942,4.874,3.613,3.476,1.989,4.478,3.315,3.09,3.529,2.935,3.423,3.233,3.415,3.247,3.264,4.277,3.73,3.453,2.878,5.209,3.368,3.138,5.358,4.103,3.015,3.849,2.856,3.964,3.44,2.965,3.696,3.312,3.238,3.674,3.585,4.543,4.469,3.131,2.236,4.12,2.223,2.674,3.566,2.902,2.549,4.568,3.741,2.28,4.196,2.494,2.806,4.539
