"SampleID","Cath.G","ADAM10","ADAM17","Aggrecanase.1","MMP8","MMP10","Neprilysin.1","Neprilysin.2","Renin","Hepsin","PSA","Class"
"PR078",3.826,3.62,5.912,4.042,3.661,4.811,2.353,4.554,4.626,6.091,12.4,"PCa"
"PR072",4.069,4.789,4.767,3.281,3.995,3.869,2.438,3.901,3.031,5.266,4.56,"PCa"
"PR071",5.437,6.16,5.193,5.573,4.714,5.89,6.544,3.537,4.706,6.405,5.9,"PCa"
"PR099",4.331,5.918,5.678,3.701,5.64,4.899,4.3,5.291,3.37,5.738,11.21,"PCa"
"PR059",5.433,5.08,5.517,4.545,5.716,5.466,5.377,5.305,6.404,4.96,2.91,"BPH"
"PR064",4.255,3.896,6.172,3.573,4.867,4.291,5.484,5.054,4.573,5.125,9.49,"PCa"
"PR045",5.25,5.704,6.174,6.551,5.268,5.917,6.064,3.437,5.158,5.049,2.93,"BPH"
"PR057",4.258,5.812,4.147,5.216,5.093,4.222,4.431,4.419,3.573,3.286,2.81,"BPH"
"PR046",4.692,4.552,3.035,4.906,5.203,5.261,4.827,5.323,7.145,4.992,4.59,"BPH"
"PR077",5.868,5.068,6.063,4.914,4.306,5.988,5.686,4.884,4.576,5.799,9.06,"PCa"
"PR113",4.873,4.128,3.667,5.006,4.511,5.662,3.924,3.119,6.056,5.7,9.16,"PCa"
"PR114",4.844,5.371,5.369,4.829,5.299,7.061,4.771,4.277,5.105,5.235,8.82,"PCa"
"PR082",6.808,6.528,6.179,5.785,6.427,5.433,4.612,5.508,4.909,5.975,5.48,"PCa"
"PR020",3.536,3.461,3.242,5.233,6.078,5.63,6.144,4.888,4.555,3.413,4.07,"BPH"
"PR096",6.624,3.255,3.038,5.964,7.189,6.198,3.811,4.997,5.353,5.698,8.32,"PCa"
"PR043",3.296,4.695,3.828,3.774,4.501,4.891,4.21,4.352,5.553,5.578,8.27,"BPH"
"PR119",5.351,2.779,5.492,5.679,5.292,5.423,2.967,4.285,3.89,6.551,6.02,"PCa"
"PR008",4.434,3.212,3.564,3.879,3.167,4.528,5.256,2.947,5.148,5.309,3.61,"BPH"
"PR015",2.977,6.081,5.156,3.98,5.636,4.674,6.695,5.56,4.186,4.606,4.71,"BPH"
"PR097",6.219,5.234,7.637,6.766,6.356,6.729,5.11,5.208,5.604,7.27,9.29,"PCa"
"PR021",5.063,4.023,4.495,3.954,3.263,5.071,5.241,6.425,5.245,4.823,4.49,"BPH"
"PR050",5.272,5.101,5.152,4.484,5.8,6.223,5.294,4.578,3.625,5.287,6.14,"BPH"
"PR081",7.372,5.505,4.548,4.394,5.728,6.106,4.251,3.934,5.437,5.491,4.53,"PCa"
"PR058",5.556,4.144,5.658,5.597,5.75,5.056,4.993,4.22,6.396,5.795,3.86,"BPH"
"PR061",4.786,4.882,7.302,5.058,6.324,6.681,3.928,4.85,4.885,6.72,9.03,"PCa"
"PR033",5.73,6.029,6.199,6.198,5.901,5.882,4.513,5.834,7.508,5.308,3.47,"BPH"
"PR106",5.528,3.787,6.606,4.885,5.879,5.274,4.666,3.948,5.971,6.429,15.05,"PCa"
"PR023",3.151,4.527,4.636,5.36,5.206,6.512,3.306,4.227,3.691,2.647,3.81,"BPH"
"PR070",6.101,8.057,5.402,5.651,7.284,6.269,5.846,6.438,6.283,7.882,4.33,"PCa"
"PR098",5.652,5.896,5.954,5.928,6.083,7.599,4.754,5.613,5.758,5.926,7.01,"PCa"
"PR028",5.661,3.584,4.111,3.317,4.173,4.666,6.038,5.746,5.148,6.064,5.95,"BPH"
"PR004",4.818,4.069,5.906,5.138,3.747,3.735,5.09,5.075,3.597,4.4,22.78,"BPH"
"PR010",4.717,5.19,4.385,4.453,4.055,5.616,4.752,4.283,3.291,5.027,2.28,"BPH"
"PR029",6.216,4.1,4.061,4.559,3.251,6.449,3.983,3.531,3.309,4.77,3.36,"BPH"
"PR047",5.34,4.986,4.501,5.85,4.092,5.884,3.916,5.011,4.756,4.954,8.91,"BPH"
"PR002",4.08,4.458,5.438,5.152,4.862,3.416,7.167,6.84,5.168,4.241,2.02,"BPH"
"PR007",5.431,5.145,5.552,6.008,4.672,5.71,4.683,3.659,4.473,4.39,8.59,"BPH"
"PR108",4.056,3.98,6.232,3.6,3.797,3.391,5.472,4.355,3.905,5.157,10.82,"PCa"
"PR041",5.547,3.235,4.59,5.475,3.944,5.111,5.058,3.806,4.106,4.035,11.65,"BPH"
"PR001",4.82,4.049,4.545,4.737,5.633,3.834,4.074,5.386,6.339,5.247,3.81,"BPH"
"PR011",6.84,5.293,7.666,5.522,5.275,7.09,6.09,5.659,7.116,5.784,3.56,"BPH"
"PR104",5.928,5.174,5.094,5.35,5.327,6.298,3.708,5.507,4.428,6.027,9.98,"PCa"
"PR014",4.696,5.132,5.757,4.129,5.042,6.245,4.073,4.119,5.92,4.009,4.5,"BPH"
"PR103",6.32,6.597,5.917,3.972,4.688,5.606,3.044,5.625,4.84,4.801,8.43,"PCa"
"PR111",6.874,5.875,6.991,2.424,6.014,6.409,4.192,4.967,4.44,6.754,10.52,"PCa"
"PR118",5.536,4.952,5.002,3.129,4.835,4.784,4.544,4.195,5.915,4.132,9.94,"PCa"
"PR063",5.036,4.336,5.541,5.532,6.905,5.636,4.688,5.822,4.892,5.51,9.02,"PCa"
"PR074",4.384,4.434,4.391,4.958,4.578,5.729,2.732,4.056,4.793,5.307,13.14,"PCa"
"PR117",5.397,5.703,7.108,5.045,6.162,4.364,4.84,5.29,4.498,5.376,2.78,"PCa"
"PR076",7.71,6.411,5.197,4.373,4.245,7.009,6.045,4.346,5.613,6.608,4.26,"PCa"
"PR038",4.652,5.032,5.688,5.233,5.938,4.798,6.536,3.821,4.583,4.61,2.53,"BPH"
"PR094",4.747,6.277,5.894,5.058,4.415,5.661,4.098,3.677,4.828,6.855,10.62,"PCa"
"PR048",4.355,6.161,5.41,4.885,4.486,4.575,4.253,6.82,4.389,5.233,7.35,"BPH"
"PR116",4.531,5.734,5.88,4.268,6.507,6.192,3.372,4.567,5.291,6.423,8.72,"PCa"
"PR037",5.755,5.426,4.619,5.165,5.178,6.138,5.955,6.187,5.217,5.013,4.95,"BPH"
"PR056",4.827,5.815,3.512,6.439,5.054,7.354,5.162,5.917,5.169,4.906,6.57,"BPH"
"PR069",6.602,6.812,7.45,7.627,6.344,4.658,5.317,5.618,4.995,6.355,10.24,"PCa"
"PR052",5.041,5.882,5.213,4.555,5.077,4.614,5.463,7.393,4.904,5.515,2.74,"BPH"
"PR009",3.839,4.092,5.385,6.039,4.402,4.034,6.03,4.591,4.272,4.24,4.23,"BPH"
"PR003",5.362,7.051,6.012,6.908,5.751,6.325,5.39,5.913,5.975,6.503,11.66,"BPH"
"PR034",4.582,4.253,4.734,5.614,5.703,5.621,6.207,5.258,4.66,3.888,7.38,"BPH"
"PR035",5.309,6.133,4.923,4.887,4.26,5.253,6.672,5.677,6.31,5.238,7.44,"BPH"
"PR091",6.098,6.662,7.313,6.414,5.819,4.165,5.257,5.578,5.824,6.952,7.61,"PCa"
"PR040",4.491,4.831,4.508,4.653,4.391,4.643,4.698,4.598,3.105,5.668,5.95,"BPH"
"PR115",5.271,4.8,5.678,5.788,6.885,5.897,5.162,5.351,4.526,5.753,2.2,"PCa"
"PR032",5.506,5.671,3.018,5.036,3.275,4.759,4.975,3.939,5.666,6.513,2.6,"BPH"
"PR006",5.303,7.475,5.679,6.52,5.678,6.07,5.835,5.917,4.987,6.79,7.26,"BPH"
"PR110",5.096,5.607,7.016,4.44,6.495,5.034,4.028,6.772,3.59,6.359,6.52,"PCa"
"PR102",6.154,6.244,5.432,5.141,4.219,6.559,4.422,4.407,4.528,5.755,11.8,"PCa"
"PR017",4.007,6.168,4.402,5.403,4.864,5.778,4.009,4.569,5.622,3.401,7.22,"BPH"
"PR031",5.883,5.931,4.663,5.13,4.637,6.521,4.245,5.788,4.682,4.489,4.64,"BPH"
"PR107",4.509,4.992,5.837,5.032,5.253,5.094,3.644,3.482,3.908,4.471,7.38,"PCa"
"PR019",6.973,5.254,5.339,5.66,4.311,5.287,5.475,5.076,5.762,4.363,4.51,"BPH"
"PR018",4.646,4.553,4.139,4.157,3.443,3.935,3.718,4.085,4.901,2.752,2.59,"BPH"
"PR067",6.668,3.812,7.862,4.305,5.799,6.702,5.526,6.43,4.504,6.486,6.91,"PCa"
"PR016",6.855,5.818,5.392,4.739,3.682,6.34,5.38,4.96,6.271,6.595,2.14,"BPH"
"PR087",5.378,5.797,6.521,6.101,5.745,6.284,5.067,4.232,5.845,6.223,9.59,"PCa"
"PR080",4.423,6.005,6.581,4.495,4.741,6.281,5.885,6.279,4.22,5.771,5.73,"PCa"
"PR005",6.632,4.912,5.76,5.671,5.736,5.066,5.617,5.147,5.625,5.6,5.44,"BPH"
"PR012",5.564,4.702,3.777,6.373,4.145,5.929,5.097,3.385,3.159,4.817,6.55,"BPH"
"PR065",4.763,4.393,4.453,5.301,2.952,4.144,4.986,2.863,4.711,5.427,9.85,"PCa"
"PR092",5.981,4.564,6.764,4.136,6.683,4.744,3.733,4.913,6.415,7.681,9.59,"PCa"
"PR036",5.106,4.965,6.623,4.72,3.693,5.242,7.002,5.268,6.046,3.7,12.21,"BPH"
"PR030",4.533,5.703,5.921,5.56,7.401,5.945,7.043,7.034,5.764,5.935,5.68,"BPH"
"PR090",6.028,5.881,4.783,5.742,4.208,6.24,5.541,5.422,6.834,6.173,6.51,"PCa"
"PR100",3.895,4.7,4.836,4.609,3.515,4.26,5.25,4.761,3.826,6.159,9.89,"PCa"
"PR055",4.257,6.589,4.535,6.541,5.296,5.125,5.279,4.708,4.018,5.985,3.25,"BPH"
"PR088",5.212,6.056,6.568,5.816,6.029,7.855,4.984,4.597,5.865,5.097,13.65,"PCa"
"PR049",5.829,5.204,4.932,5.739,6.02,5.116,4.74,5.972,5.645,6.584,6.1,"BPH"
"PR062",6.323,4.409,5.592,4.45,6.322,6.318,3.676,4.41,4.469,6.289,8.93,"PCa"
"PR073",6.083,4.335,6.358,6.547,6.241,7.057,5.189,4.492,6.005,6.755,11.89,"PCa"
"PR095",5.337,6.301,7.06,5.402,4.765,6.716,5.271,6.465,5.595,6.651,8.49,"PCa"
"PR086",5.261,6.047,5.906,5.352,5.213,6.088,5.886,4.099,3.45,6.004,13.23,"PCa"
"PR105",4.715,4.78,4.195,3.741,3.764,5.097,3.735,4.186,5.04,5.785,5.66,"PCa"
"PR039",5.677,5.211,3.775,3.963,5.388,3.115,5.906,4.403,6.186,5.427,3.51,"BPH"
"PR085",5.038,4.745,4.941,3.981,4.404,5.925,5.055,5.084,4.337,4.63,8.19,"PCa"
"PR112",5.727,3.91,5.665,5.799,5.523,5.596,4.049,4.788,7.059,5.776,3.62,"PCa"
"PR042",4.004,5.522,3.903,4.804,5.126,5.42,4.07,4.012,3.675,5.581,5.2,"BPH"
"PR093",6.667,4.806,6.089,4.555,6.532,5.853,4.722,5.319,4.306,5.987,4.37,"PCa"
"PR060",4.718,6.17,4.636,4.936,5.211,4.871,5.315,6.595,4.975,5.171,6.55,"BPH"
"PR068",5.599,5.507,5.636,5.67,5.294,4.162,4.585,6.029,6.044,7.145,7.77,"PCa"
"PR066",5.484,5.733,5.369,5.986,5.579,5.448,4.221,5.146,4.517,6.955,3.05,"PCa"
"PR025",3.326,6.637,5.092,3.405,3.944,4.864,4.549,5.973,4.824,4.355,2.5,"BPH"
"PR044",8.839,5.859,6.06,5.85,6.62,4.646,7.122,5.972,5.922,5.418,7,"BPH"
"PR022",4.668,4.475,5.053,4.046,5.162,5.733,5.012,3.935,5.572,4.047,9.55,"BPH"
"PR089",6.74,6.272,3.693,4.681,4.964,5.872,6.552,6.126,3.742,4.044,3.44,"PCa"
"PR054",7.493,5.193,5.58,5.793,4.451,4.309,7.239,6.083,4.849,6.012,2.61,"BPH"
"PR084",6.284,6.184,5.752,6.684,4.875,7.102,5.232,4.9,5.224,4.256,6.08,"PCa"
"PR109",6.062,4.282,5.465,5.405,5.402,4.616,4.178,4.549,6.034,4.907,7.06,"PCa"
"PR026",3.705,5.472,5.328,4.076,4.957,2.278,6.327,3.503,3.924,4.885,3.45,"BPH"
"PR079",5.071,6.822,3.799,5.023,4.765,6.087,5.042,4.937,4.083,5.898,7.97,"PCa"
"PR101",4.657,5.475,5.986,4.476,4.426,4.4,5.137,5.704,4.751,4.908,6.91,"PCa"
"PR013",5.235,4.908,4.806,6.3,6.635,3.548,6.064,3.926,5.687,5.428,4.35,"BPH"
"PR120",4.324,6.974,4.894,6.169,5.231,5.542,4.9,3.667,4.805,5.694,5.4,"PCa"
"PR053",4.95,5.952,5.534,3.771,5.496,5.367,4.03,3.943,5.377,5.347,8.87,"BPH"
"PR051",4.944,6.12,5.545,5.641,3.479,3.709,4.285,7.504,5.543,6.021,3.97,"BPH"
"PR083",5.089,3.977,5.976,3.99,4.596,6.342,4.384,4.539,4.759,5.656,10.19,"PCa"
"PR024",3.348,5.741,3.739,5.274,4.787,5.2,3.899,4.196,3.445,4.094,3.48,"BPH"
"PR075",4.042,4.657,5.272,6.16,5.134,5.311,4.757,5.251,5.846,5.463,10.53,"PCa"
"PR027",4.176,5.306,5.807,4.657,5.564,7.707,3.838,5.349,4.581,4.481,2.93,"BPH"
