"SampleID","Label","Class","ClinicalNumber","days","Biomarker"
"C01","C01","Control",1,0,2.727
"C01","C01","Control",2,119,3.056
"C01","C01","Control",3,203,2.452
"C01","C01","Control",4,270,2.263
"C02","C02","Control",1,0,3.71
"C02","C02","Control",2,66,3.161
"C02","C02","Control",3,153,3.868
"C02","C02","Control",4,218,3.738
"C03","C03","Control",1,0,2.687
"C03","C03","Control",2,98,2.608
"C03","C03","Control",3,187,3.184
"C03","C03","Control",4,305,3.119
"C04","C04","Control",1,0,3.639
"C04","C04","Control",2,87,2.83
"C04","C04","Control",3,195,3.629
"C04","C04","Control",4,278,3.302
"C05","C05","Control",1,0,2.633
"C05","C05","Control",2,106,2.719
"C05","C05","Control",3,204,2.903
"C05","C05","Control",4,307,3.051
"C06","C06","Control",1,0,2.684
"C06","C06","Control",2,100,3.152
"C06","C06","Control",3,188,2.521
"C06","C06","Control",4,277,2.81
"C07","C07","Control",1,0,3.603
"C07","C07","Control",2,97,2.985
"C07","C07","Control",3,213,3.623
"C07","C07","Control",4,326,3.346
"C08","C08","Control",1,0,3.237
"C08","C08","Control",2,61,3.486
"C08","C08","Control",3,176,3.128
"C08","C08","Control",4,247,3.205
"C09","C09","Control",1,0,2.15
"C09","C09","Control",2,99,2.319
"C09","C09","Control",3,180,2.588
"C09","C09","Control",4,297,2.497
"C10","C10","Control",1,0,3.074
"C10","C10","Control",2,107,3.19
"C10","C10","Control",3,178,3.238
"C10","C10","Control",4,288,3.122
"M01","M01","Metastasized",1,0,3.334
"M01","M01","Metastasized",2,112,2.928
"M01","M01","Metastasized",3,219,3.02
"M01","M01","Metastasized",4,326,2.944
"M02","M02","Metastasized",1,0,4.383
"M02","M02","Metastasized",2,63,3.759
"M02","M02","Metastasized",3,181,3.657
"M02","M02","Metastasized",4,247,3.665
"M03","M03","Metastasized",1,0,2.596
"M03","M03","Metastasized",2,81,3.308
"M03","M03","Metastasized",3,190,3.623
"M03","M03","Metastasized",4,263,2.938
"M04","M04","Metastasized",1,0,2.247
"M04","M04","Metastasized",2,104,2.577
"M04","M04","Metastasized",3,208,2.664
"M04","M04","Metastasized",4,304,2.865
"M05","M05","Metastasized",1,0,3.886
"M05","M05","Metastasized",2,103,4.073
"M05","M05","Metastasized",3,190,4.168
"M05","M05","Metastasized",4,278,4.104
"M06","M06","Metastasized",1,0,3.882
"M06","M06","Metastasized",2,80,2.755
"M06","M06","Metastasized",3,179,3.097
"M06","M06","Metastasized",4,280,2.692
"M07","M07","Metastasized",1,0,3.026
"M07","M07","Metastasized",2,97,3.267
"M07","M07","Metastasized",3,189,2.959
"M07","M07","Metastasized",4,253,2.817
"M08","M08","Metastasized",1,0,3.245
"M08","M08","Metastasized",2,64,3.744
"M08","M08","Metastasized",3,165,3.602
"M08","M08","Metastasized",4,276,4.431
"M09","M09","Metastasized",1,0,3.17
"M09","M09","Metastasized",2,109,3.758
"M09","M09","Metastasized",3,225,4.452
"M09","M09","Metastasized",4,321,4.792
"M10","M10","Metastasized",1,0,3.737
"M10","M10","Metastasized",2,71,3.328
"M10","M10","Metastasized",3,152,3.756
"M10","M10","Metastasized",4,253,4.294
